{"cameraMode":{"drawMode":0,"name":"Shaded","section":"Shading Mode"},"sceneLighting":false,"audioPlay":false,"sceneViewState":{"showFog":true,"showMaterialUpdate":true,"showSkybox":false,"showFlares":true,"showImageEffects":true,"showParticleSystems":true},"in2DMode":false,"pivot":{"x":132.26553344726563,"y":125.49227905273438,"z":155.0333709716797},"rotation":{"x":-0.16377240419387818,"y":0.8236119151115418,"z":0.29653260111808779,"w":0.4548738896846771},"size":315.9726257324219,"orthographic":false}