{"cameraMode":{"drawMode":0,"name":"Shaded","section":"Shading Mode"},"sceneLighting":false,"audioPlay":false,"sceneViewState":{"showFog":true,"showMaterialUpdate":true,"showSkybox":false,"showFlares":true,"showImageEffects":true,"showParticleSystems":true},"in2DMode":false,"pivot":{"x":44.91184616088867,"y":79.4891586303711,"z":8.502334594726563},"rotation":{"x":-0.07562709599733353,"y":0.223888099193573,"z":0.01742890663444996,"w":0.971519947052002},"size":140.86927795410157,"orthographic":false}