{"cameraMode":{"drawMode":0,"name":"Shaded","section":"Shading Mode"},"sceneLighting":true,"audioPlay":false,"sceneViewState":{"showFog":true,"showMaterialUpdate":true,"showSkybox":true,"showFlares":true,"showImageEffects":true,"showParticleSystems":true},"in2DMode":false,"pivot":{"x":-3.222550868988037,"y":2.8393547534942629,"z":-4.737061500549316},"rotation":{"x":0.20888878405094148,"y":-0.03959676995873451,"z":0.0084656598046422,"w":0.9771007895469666},"size":8.421554565429688,"orthographic":false}