{"cameraMode":{"drawMode":0,"name":"Shaded","section":"Shading Mode"},"sceneLighting":true,"audioPlay":false,"sceneViewState":{"showFog":true,"showMaterialUpdate":true,"showSkybox":true,"showFlares":true,"showImageEffects":true,"showParticleSystems":true},"in2DMode":false,"pivot":{"x":-0.5245025157928467,"y":2.4135634899139406,"z":-0.4939470589160919},"rotation":{"x":0.16326269507408143,"y":-0.03699038177728653,"z":0.00612614443525672,"w":0.9858699440956116},"size":2.8578836917877199,"orthographic":false}