{"cameraMode":{"drawMode":0,"name":"Shaded","section":"Shading Mode"},"sceneLighting":false,"audioPlay":false,"sceneViewState":{"showFog":true,"showMaterialUpdate":true,"showSkybox":false,"showFlares":true,"showImageEffects":true,"showParticleSystems":true},"in2DMode":false,"pivot":{"x":418.92938232421877,"y":162.77011108398438,"z":-29.00909423828125},"rotation":{"x":-0.08954726159572602,"y":0.022403152659535409,"z":0.002014817437157035,"w":0.9957285523414612},"size":758.3367919921875,"orthographic":false}