{"cameraMode":{"drawMode":0,"name":"Shaded","section":"Shading Mode"},"sceneLighting":false,"audioPlay":false,"sceneViewState":{"showFog":true,"showMaterialUpdate":true,"showSkybox":false,"showFlares":true,"showImageEffects":true,"showParticleSystems":true},"in2DMode":false,"pivot":{"x":-63.628807067871097,"y":52.12690734863281,"z":129.77337646484376},"rotation":{"x":0.036296457052230838,"y":-0.02098752185702324,"z":0.0007629627943970263,"w":0.9991204142570496},"size":1237.393798828125,"orthographic":false}