{"cameraMode":{"drawMode":0,"name":"Shaded","section":"Shading Mode"},"sceneLighting":true,"audioPlay":false,"sceneViewState":{"showFog":true,"showMaterialUpdate":true,"showSkybox":true,"showFlares":true,"showImageEffects":true,"showParticleSystems":true},"in2DMode":false,"pivot":{"x":1.006258249282837,"y":0.40087366104125979,"z":0.08097517490386963},"rotation":{"x":0.15943972766399384,"y":0.5237419605255127,"z":-0.10051561146974564,"w":0.8307647705078125},"size":4.0578837394714359,"orthographic":false}